Fund Holdings as of,"25/Aug/2026"

Ticker,Name,Sector,Asset Class,Market Value,Weight (%),Notional Value,Shares,Price,Location,Exchange,Market Currency
"NVDA","NVIDIA","Information Technology","Equity","12,365,349,776.05","7.80","12,365,349,776.05","58,039,661.00","213.05","United States","NASDAQ","USD"
"AAPL","APPLE","Information Technology","Equity","10,907,020,371.00","6.88","10,907,020,371.00","35,195,290.00","309.90","United States","NASDAQ","USD"
"MSFT","MICROSOFT","Information Technology","Equity","8,752,807,274.21","5.52","8,752,807,274.21","17,800,751.00","491.71","United States","NASDAQ","USD"
"AMZN","AMAZON.COM INC","Consumer Discretionary","Equity","6,123,755,950.44","3.86","6,123,755,950.44","23,457,274.00","261.06","United States","NASDAQ","USD"
"GOOGL","ALPHABET CLASS A","Communication","Equity","4,875,186,657.04","3.07","4,875,186,657.04","14,051,149.00","346.96","United States","NASDAQ","USD"
"AVGO","BROADCOM INC","Information Technology","Equity","4,047,450,391.66","2.55","4,047,450,391.66","11,345,659.00","356.74","United States","NASDAQ","USD"
"GOOG","ALPHABET CLASS C","Communication","Equity","3,888,622,489.10","2.45","3,888,622,489.10","11,325,865.00","343.34","United States","NASDAQ","USD"
"META","META PLATFORMS CLASS A","Communication","Equity","2,999,884,704.70","1.89","2,999,884,704.70","5,262,494.00","570.05","United States","NASDAQ","USD"
"MU","MICRON TECHNOLOGY","Information Technology","Equity","2,521,220,809.20","1.59","2,521,220,809.20","2,702,360.00","932.97","United States","NASDAQ","USD"
"TSLA","TESLA INC","Consumer Discretionary","Equity","2,363,021,167.50","1.49","2,363,021,167.50","6,746,670.00","350.25","United States","NASDAQ","USD"
"LLY","ELI LILLY","Health Care","Equity","2,338,842,946.62","1.48","2,338,842,946.62","1,895,857.00","1,233.66","United States","New York Stock Exchange Inc.","USD"
"JPM","JPMORGAN CHASE & CO","Financials","Equity","2,290,539,765.26","1.44","2,290,539,765.26","6,421,654.00","356.69","United States","New York Stock Exchange Inc.","USD"
"BRKB","BERKSHIRE HATHAWAY INC CLASS B","Financials","Equity","2,215,025,889.28","1.40","2,215,025,889.28","4,392,104.00","504.32","United States","New York Stock Exchange Inc.","USD"
"AMD","ADVANCED MICRO DEVICES","Information Technology","Equity","1,872,553,979.40","1.18","1,872,553,979.40","3,907,830.00","479.18","United States","NASDAQ","USD"
"XOM","EXXONMOBIL HOLDINGS CORP","Energy","Equity","1,595,183,151.36","1.01","1,595,183,151.36","9,930,174.00","160.64","United States","New York Stock Exchange Inc.","USD"
"JNJ","JOHNSON & JOHNSON","Health Care","Equity","1,576,050,030.52","0.99","1,576,050,030.52","5,770,118.00","273.14","United States","New York Stock Exchange Inc.","USD"
"V","VISA CLASS A","Financials","Equity","1,527,408,632.78","0.96","1,527,408,632.78","3,976,177.00","384.14","United States","New York Stock Exchange Inc.","USD"
"MA","MASTERCARD CLASS A","Financials","Equity","1,158,609,181.65","0.73","1,158,609,181.65","1,933,045.00","599.37","United States","New York Stock Exchange Inc.","USD"
"ABBV","ABBVIE","Health Care","Equity","1,125,025,014.61","0.71","1,125,025,014.61","4,232,759.00","265.79","United States","New York Stock Exchange Inc.","USD"
"WMT","WALMART INC","Consumer Staples","Equity","1,106,812,989.70","0.70","1,106,812,989.70","10,503,065.00","105.38","United States","NASDAQ","USD"
"CSCO","CISCO SYSTEMS INC","Information Technology","Equity","1,051,433,374.45","0.66","1,051,433,374.45","9,462,995.00","111.11","United States","NASDAQ","USD"
"INTC","INTEL CORPORATION","Information Technology","Equity","1,035,043,414.56","0.65","1,035,043,414.56","11,831,772.00","87.48","United States","NASDAQ","USD"
"COST","COSTCO WHOLESALE CORP","Consumer Staples","Equity","1,020,361,988.66","0.64","1,020,361,988.66","1,062,866.00","960.01","United States","NASDAQ","USD"
"BAC","BANK OF AMERICA","Financials","Equity","976,468,816.17","0.62","976,468,816.17","15,641,019.00","62.43","United States","New York Stock Exchange Inc.","USD"
"PLTR","PALANTIR TECHNOLOGIES CLASS A","Information Technology","Equity","949,766,268.80","0.60","949,766,268.80","5,498,560.00","172.73","United States","NASDAQ","USD"
"LRCX","LAM RESEARCH","Information Technology","Equity","943,191,462.04","0.59","943,191,462.04","2,997,494.00","314.66","United States","NASDAQ","USD"
"MRK","MERCK & CO INC","Health Care","Equity","926,463,732.60","0.58","926,463,732.60","5,921,788.00","156.45","United States","New York Stock Exchange Inc.","USD"
"AMAT","APPLIED MATERIAL INC","Information Technology","Equity","912,671,729.64","0.58","912,671,729.64","1,901,241.00","480.04","United States","NASDAQ","USD"
"CVX","CHEVRON","Energy","Equity","897,247,042.56","0.57","897,247,042.56","4,488,704.00","199.89","United States","New York Stock Exchange Inc.","USD"
"CAT","CATERPILLAR INC","Industrials","Equity","895,179,008.58","0.56","895,179,008.58","1,103,402.00","811.29","United States","New York Stock Exchange Inc.","USD"
"GE","GE AEROSPACE","Industrials","Equity","873,671,385.06","0.55","873,671,385.06","2,499,489.00","349.54","United States","New York Stock Exchange Inc.","USD"
"UNH","UNITEDHEALTH GROUP INC","Health Care","Equity","862,981,029.77","0.54","862,981,029.77","2,176,003.00","396.59","United States","New York Stock Exchange Inc.","USD"
"KO","COCA-COLA","Consumer Staples","Equity","850,136,673.88","0.54","850,136,673.88","9,276,917.00","91.64","United States","New York Stock Exchange Inc.","USD"
"NFLX","NETFLIX","Communication","Equity","829,343,904.03","0.52","829,343,904.03","10,085,661.00","82.23","United States","NASDAQ","USD"
"PG","PROCTER & GAMBLE","Consumer Staples","Equity","811,134,256.00","0.51","811,134,256.00","5,578,640.00","145.40","United States","New York Stock Exchange Inc.","USD"
"HD","HOME DEPOT","Consumer Discretionary","Equity","806,251,283.28","0.51","806,251,283.28","2,386,206.00","337.88","United States","New York Stock Exchange Inc.","USD"
"GS","GOLDMAN SACHS GROUP INC","Financials","Equity","748,314,731.52","0.47","748,314,731.52","706,704.00","1,058.88","United States","New York Stock Exchange Inc.","USD"
"PM","PHILIP MORRIS INTERNATIONAL INC","Consumer Staples","Equity","724,070,325.12","0.46","724,070,325.12","3,733,861.00","193.92","United States","New York Stock Exchange Inc.","USD"
"RTX","RTX","Industrials","Equity","678,583,232.88","0.43","678,583,232.88","3,227,046.00","210.28","United States","New York Stock Exchange Inc.","USD"
"PANW","PALO ALTO NETWORKS","Information Technology","Equity","660,582,393.90","0.42","660,582,393.90","1,943,461.00","339.90","United States","NASDAQ","USD"
"MS","MORGAN STANLEY","Financials","Equity","623,034,481.21","0.39","623,034,481.21","2,874,173.00","216.77","United States","New York Stock Exchange Inc.","USD"
"WFC","WELLS FARGO","Financials","Equity","622,136,450.20","0.39","622,136,450.20","7,337,380.00","84.79","United States","New York Stock Exchange Inc.","USD"
"GEV","GE VERNOVA INC","Industrials","Equity","596,426,746.86","0.38","596,426,746.86","643,582.00","926.73","United States","New York Stock Exchange Inc.","USD"
"ORCL","ORACLE","Information Technology","Equity","588,499,197.44","0.37","588,499,197.44","4,065,344.00","144.76","United States","New York Stock Exchange Inc.","USD"
"KLAC","KLA","Information Technology","Equity","573,653,809.38","0.36","573,653,809.38","3,128,907.00","183.34","United States","NASDAQ","USD"
"AMGN","AMGEN INC","Health Care","Equity","571,795,976.96","0.36","571,795,976.96","1,292,954.00","442.24","United States","NASDAQ","USD"
"TXN","TEXAS INSTRUMENT INC","Information Technology","Equity","567,143,305.05","0.36","567,143,305.05","2,180,901.00","260.05","United States","NASDAQ","USD"
"TMO","THERMO FISHER SCIENTIFIC INC","Health Care","Equity","559,667,830.70","0.35","559,667,830.70","890,978.00","628.15","United States","New York Stock Exchange Inc.","USD"
"C","CITIGROUP INC","Financials","Equity","544,218,717.25","0.34","544,218,717.25","4,084,193.00","133.25","United States","New York Stock Exchange Inc.","USD"
"LIN","LINDE PLC","Materials","Equity","539,400,556.80","0.34","539,400,556.80","1,107,144.00","487.20","United States","NASDAQ","USD"
"IBM","INTERNATIONAL BUSINESS MACHINES","Information Technology","Equity","527,071,995.23","0.33","527,071,995.23","2,250,617.00","234.19","United States","New York Stock Exchange Inc.","USD"
"SNDK","SANDISK","Information Technology","Equity","525,559,330.71","0.33","525,559,330.71","354,923.00","1,480.77","United States","NASDAQ","USD"
"MRVL","MARVELL TECHNOLOGY","Information Technology","Equity","503,952,583.54","0.32","503,952,583.54","2,096,483.00","240.38","United States","NASDAQ","USD"
"VZ","VERIZON COMMUNICATIONS INC","Communication","Equity","502,265,985.75","0.32","502,265,985.75","9,995,343.00","50.25","United States","New York Stock Exchange Inc.","USD"
"ABT","ABBOTT LABORATORIES","Health Care","Equity","484,963,641.33","0.31","484,963,641.33","4,176,041.00","116.13","United States","New York Stock Exchange Inc.","USD"
"ANET","ARISTA NETWORKS INC","Information Technology","Equity","472,706,339.20","0.30","472,706,339.20","2,475,680.00","190.94","United States","New York Stock Exchange Inc.","USD"
"APH","AMPHENOL CORP CLASS A","Information Technology","Equity","467,753,495.16","0.30","467,753,495.16","2,945,922.00","158.78","United States","New York Stock Exchange Inc.","USD"
"PEP","PEPSICO","Consumer Staples","Equity","465,854,009.72","0.29","465,854,009.72","3,274,436.00","142.27","United States","NASDAQ","USD"
"DIS","WALT DISNEY","Communication","Equity","463,208,621.25","0.29","463,208,621.25","4,163,673.00","111.25","United States","New York Stock Exchange Inc.","USD"
"MCD","MCDONALDS CORP","Consumer Discretionary","Equity","455,992,791.10","0.29","455,992,791.10","1,700,831.00","268.10","United States","New York Stock Exchange Inc.","USD"
"CRWD","CROWDSTRIKE HOLDINGS CLASS A","Information Technology","Equity","452,536,494.02","0.29","452,536,494.02","2,441,129.00","185.38","United States","NASDAQ","USD"
"GILD","GILEAD SCIENCES","Health Care","Equity","443,070,384.48","0.28","443,070,384.48","2,978,224.00","148.77","United States","NASDAQ","USD"
"STX","SEAGATE TECHNOLOGY HOLDINGS PLC","Information Technology","Equity","441,146,406.30","0.28","441,146,406.30","536,890.00","821.67","United States","NASDAQ","USD"
"UNP","UNION PACIFIC","Industrials","Equity","440,789,907.74","0.28","440,789,907.74","1,423,786.00","309.59","United States","New York Stock Exchange Inc.","USD"
"SCHW","CHARLES SCHWAB","Financials","Equity","440,093,460.12","0.28","440,093,460.12","3,919,956.00","112.27","United States","New York Stock Exchange Inc.","USD"
"ADI","ANALOG DEVICES","Information Technology","Equity","437,024,141.82","0.28","437,024,141.82","1,169,577.00","373.66","United States","NASDAQ","USD"
"T","AT&T INC","Communication","Equity","429,344,538.18","0.27","429,344,538.18","16,660,634.00","25.77","United States","New York Stock Exchange Inc.","USD"
"AXP","AMERICAN EXPRESS","Financials","Equity","428,682,950.40","0.27","428,682,950.40","1,276,032.00","335.95","United States","New York Stock Exchange Inc.","USD"
"NEE","NEXTERA ENERGY","Utilities","Equity","421,186,746.60","0.27","421,186,746.60","5,001,030.00","84.22","United States","New York Stock Exchange Inc.","USD"
"WELL","WELLTOWER","Real Estate","Equity","408,154,332.95","0.26","408,154,332.95","1,692,533.00","241.15","United States","New York Stock Exchange Inc.","USD"
"BLK","BLACKROCK","Financials","Equity","407,290,406.08","0.26","407,290,406.08","346,147.00","1,176.64","United States","New York Stock Exchange Inc.","USD"
"QCOM","QUALCOMM","Information Technology","Equity","405,755,511.12","0.26","405,755,511.12","2,527,127.00","160.56","United States","NASDAQ","USD"
"CRM","SALESFORCE","Information Technology","Equity","403,461,963.45","0.25","403,461,963.45","1,961,505.00","205.69","United States","New York Stock Exchange Inc.","USD"
"BA","BOEING","Industrials","Equity","398,959,775.04","0.25","398,959,775.04","1,890,088.00","211.08","United States","New York Stock Exchange Inc.","USD"
"BKNG","BOOKING HOLDINGS","Consumer Discretionary","Equity","397,196,399.04","0.25","397,196,399.04","1,857,968.00","213.78","United States","NASDAQ","USD"
"UBER","UBER TECHNOLOGIES","Industrials","Equity","392,175,654.70","0.25","392,175,654.70","4,880,842.00","80.35","United States","New York Stock Exchange Inc.","USD"
"PFE","PFIZER","Health Care","Equity","389,977,643.00","0.25","389,977,643.00","13,649,900.00","28.57","United States","New York Stock Exchange Inc.","USD"
"COP","CONOCOPHILLIPS","Energy","Equity","385,123,888.64","0.24","385,123,888.64","2,921,146.00","131.84","United States","New York Stock Exchange Inc.","USD"
"ETN","EATON PLC","Industrials","Equity","380,544,542.40","0.24","380,544,542.40","929,972.00","409.20","United States","New York Stock Exchange Inc.","USD"
"DE","DEERE","Industrials","Equity","379,882,465.62","0.24","379,882,465.62","602,357.00","630.66","United States","New York Stock Exchange Inc.","USD"
"WDC","WESTERN DIGITAL CORP","Information Technology","Equity","372,450,217.50","0.23","372,450,217.50","826,290.00","450.75","United States","NASDAQ","USD"
"TJX","TJX","Consumer Discretionary","Equity","369,807,787.36","0.23","369,807,787.36","2,651,332.00","139.48","United States","New York Stock Exchange Inc.","USD"
"NEM","NEWMONT","Materials","Equity","345,918,263.42","0.22","345,918,263.42","2,559,703.00","135.14","United States","New York Stock Exchange Inc.","USD"
"VRTX","VERTEX PHARMACEUTICALS","Health Care","Equity","335,863,009.20","0.21","335,863,009.20","607,512.00","552.85","United States","NASDAQ","USD"
"BMY","BRISTOL MYERS SQUIBB","Health Care","Equity","331,787,298.24","0.21","331,787,298.24","4,884,972.00","67.92","United States","New York Stock Exchange Inc.","USD"
"DHR","DANAHER","Health Care","Equity","325,953,802.35","0.21","325,953,802.35","1,509,255.00","215.97","United States","New York Stock Exchange Inc.","USD"
"PLD","PROLOGIS REIT","Real Estate","Equity","325,621,967.22","0.21","325,621,967.22","2,271,834.00","143.33","United States","New York Stock Exchange Inc.","USD"
"COF","CAPITAL ONE FINANCIAL CORP","Financials","Equity","322,651,704.00","0.20","322,651,704.00","1,492,100.00","216.24","United States","New York Stock Exchange Inc.","USD"
"ISRG","INTUITIVE SURGICAL INC","Health Care","Equity","315,773,964.80","0.20","315,773,964.80","849,220.00","371.84","United States","NASDAQ","USD"
"SPGI","S&P GLOBAL INC","Financials","Equity","314,593,647.39","0.20","314,593,647.39","726,561.00","432.99","United States","New York Stock Exchange Inc.","USD"
"NOW","SERVICENOW INC","Information Technology","Equity","314,056,141.00","0.20","314,056,141.00","2,472,883.00","127.00","United States","New York Stock Exchange Inc.","USD"
"DELL","DELL TECHNOLOGIES INC CLASS C","Information Technology","Equity","313,168,978.50","0.20","313,168,978.50","693,619.00","451.50","United States","New York Stock Exchange Inc.","USD"
"PGR","PROGRESSIVE","Financials","Equity","310,386,321.30","0.20","310,386,321.30","1,397,570.00","222.09","United States","New York Stock Exchange Inc.","USD"
"PH","PARKER-HANNIFIN CORP","Industrials","Equity","306,905,293.80","0.19","306,905,293.80","301,980.00","1,016.31","United States","New York Stock Exchange Inc.","USD"
"CB","CHUBB","Financials","Equity","295,993,448.58","0.19","295,993,448.58","862,678.00","343.11","United States","New York Stock Exchange Inc.","USD"
"SBUX","STARBUCKS CORP","Consumer Discretionary","Equity","288,415,557.76","0.18","288,415,557.76","2,727,076.00","105.76","United States","NASDAQ","USD"
"LOW","LOWES COMPANIES INC","Consumer Discretionary","Equity","288,174,107.80","0.18","288,174,107.80","1,342,843.00","214.60","United States","New York Stock Exchange Inc.","USD"
"CVS","CVS HEALTH","Health Care","Equity","283,633,640.30","0.18","283,633,640.30","3,053,107.00","92.90","United States","New York Stock Exchange Inc.","USD"
"MDT","MEDTRONIC PLC","Health Care","Equity","280,455,005.46","0.18","280,455,005.46","3,077,189.00","91.14","United States","New York Stock Exchange Inc.","USD"
"USD","USD CASH","Cash and/or Derivatives","Cash","278,112,786.90","0.18","278,112,786.90","278,112,787.00","100.00","United States","-","USD"
"GLW","CORNING","Information Technology","Equity","276,179,881.12","0.17","276,179,881.12","1,876,732.00","147.16","United States","New York Stock Exchange Inc.","USD"
"ACN","ACCENTURE PLC CLASS A","Information Technology","Equity","275,183,017.74","0.17","275,183,017.74","1,472,118.00","186.93","United States","New York Stock Exchange Inc.","USD"
"FCX","FREEPORT MCMORAN INC","Materials","Equity","275,137,561.63","0.17","275,137,561.63","3,443,093.00","79.91","United States","New York Stock Exchange Inc.","USD"
"SYK","STRYKER","Health Care","Equity","272,889,151.99","0.17","272,889,151.99","825,461.00","330.59","United States","New York Stock Exchange Inc.","USD"
"MO","ALTRIA GROUP INC","Consumer Staples","Equity","272,555,887.71","0.17","272,555,887.71","4,004,053.00","68.07","United States","New York Stock Exchange Inc.","USD"
"ADP","AUTOMATIC DATA PROCESSING INC","Industrials","Equity","271,031,056.56","0.17","271,031,056.56","958,452.00","282.78","United States","NASDAQ","USD"
"LMT","LOCKHEED MARTIN CORP","Industrials","Equity","270,501,554.68","0.17","270,501,554.68","486,059.00","556.52","United States","New York Stock Exchange Inc.","USD"
"BNY","BANK OF NEW YORK MELLON CORP","Financials","Equity","269,112,278.70","0.17","269,112,278.70","1,644,438.00","163.65","United States","New York Stock Exchange Inc.","USD"
"ADBE","ADOBE INC","Information Technology","Equity","265,480,798.72","0.17","265,480,798.72","969,191.00","273.92","United States","NASDAQ","USD"
"MCK","MCKESSON CORP","Health Care","Equity","260,932,016.46","0.16","260,932,016.46","288,294.00","905.09","United States","New York Stock Exchange Inc.","USD"
"BX","BLACKSTONE","Financials","Equity","255,453,938.44","0.16","255,453,938.44","1,781,284.00","143.41","United States","New York Stock Exchange Inc.","USD"
"EQIX","EQUINIX REIT","Real Estate","Equity","253,781,611.36","0.16","253,781,611.36","236,419.00","1,073.44","United States","NASDAQ","USD"
"HWM","HOWMET AEROSPACE","Industrials","Equity","253,094,485.84","0.16","253,094,485.84","958,546.00","264.04","United States","New York Stock Exchange Inc.","USD"
"MPC","MARATHON PETROLEUM","Energy","Equity","248,389,029.12","0.16","248,389,029.12","699,924.00","354.88","United States","New York Stock Exchange Inc.","USD"
"SO","SOUTHERN","Utilities","Equity","243,190,799.37","0.15","243,190,799.37","2,703,021.00","89.97","United States","New York Stock Exchange Inc.","USD"
"VLO","VALERO ENERGY CORP","Energy","Equity","242,357,282.37","0.15","242,357,282.37","711,957.00","340.41","United States","New York Stock Exchange Inc.","USD"
"TT","TRANE TECHNOLOGIES PLC","Industrials","Equity","241,246,990.50","0.15","241,246,990.50","529,922.00","455.25","United States","New York Stock Exchange Inc.","USD"
"CME","CME GROUP CLASS A","Financials","Equity","239,945,028.96","0.15","239,945,028.96","865,228.00","277.32","United States","NASDAQ","USD"
"INTU","INTUIT","Information Technology","Equity","237,015,997.76","0.15","237,015,997.76","663,056.00","357.46","United States","NASDAQ","USD"
"PNC","PNC FINANCIAL SERVICES GROUP","Financials","Equity","235,025,446.35","0.15","235,025,446.35","962,785.00","244.11","United States","New York Stock Exchange Inc.","USD"
"VRT","VERTIV HOLDINGS CLASS A","Industrials","Equity","234,927,858.00","0.15","234,927,858.00","918,584.00","255.75","United States","New York Stock Exchange Inc.","USD"
"USB","US BANCORP","Financials","Equity","232,111,402.58","0.15","232,111,402.58","3,719,138.00","62.41","United States","New York Stock Exchange Inc.","USD"
"CMCSA","COMCAST CLASS A","Communication","Equity","231,519,175.30","0.15","231,519,175.30","8,543,143.00","27.10","United States","NASDAQ","USD"
"CSX","CSX","Industrials","Equity","229,504,762.38","0.14","229,504,762.38","4,455,538.00","51.51","United States","NASDAQ","USD"
"FTNT","FORTINET","Information Technology","Equity","229,447,724.22","0.14","229,447,724.22","1,493,217.00","153.66","United States","NASDAQ","USD"
"GD","GENERAL DYNAMICS CORP","Industrials","Equity","228,769,337.36","0.14","228,769,337.36","607,492.00","376.58","United States","New York Stock Exchange Inc.","USD"
"PSX","PHILLIPS 66","Energy","Equity","227,728,653.40","0.14","227,728,653.40","961,286.00","236.90","United States","New York Stock Exchange Inc.","USD"
"DUK","DUKE ENERGY CORP","Utilities","Equity","227,541,337.38","0.14","227,541,337.38","1,871,382.00","121.59","United States","New York Stock Exchange Inc.","USD"
"MMM","3M","Industrials","Equity","224,319,404.52","0.14","224,319,404.52","1,250,596.00","179.37","United States","New York Stock Exchange Inc.","USD"
"MRSH","MARSH INC","Financials","Equity","223,405,429.80","0.14","223,405,429.80","1,155,147.00","193.40","United States","New York Stock Exchange Inc.","USD"
"CDNS","CADENCE DESIGN SYSTEMS","Information Technology","Equity","219,490,116.60","0.14","219,490,116.60","661,314.00","331.90","United States","NASDAQ","USD"
"ICE","INTERCONTINENTAL EXCHANGE INC","Financials","Equity","219,364,943.88","0.14","219,364,943.88","1,355,946.00","161.78","United States","New York Stock Exchange Inc.","USD"
"PWR","QUANTA SERVICES INC","Industrials","Equity","217,141,627.86","0.14","217,141,627.86","359,637.00","603.78","United States","New York Stock Exchange Inc.","USD"
"CEG","CONSTELLATION ENERGY CORP","Utilities","Equity","213,636,399.14","0.13","213,636,399.14","767,317.00","278.42","United States","NASDAQ","USD"
"HOOD","ROBINHOOD MARKETS CLASS A","Financials","Equity","212,559,293.43","0.13","212,559,293.43","1,896,327.00","112.09","United States","NASDAQ","USD"
"DASH","DOORDASH CLASS A","Consumer Discretionary","Equity","211,865,057.50","0.13","211,865,057.50","907,345.00","233.50","United States","NASDAQ","USD"
"WMB","WILLIAMS","Energy","Equity","208,229,286.48","0.13","208,229,286.48","2,929,506.00","71.08","United States","New York Stock Exchange Inc.","USD"
"EMR","EMERSON ELECTRIC","Industrials","Equity","208,100,587.76","0.13","208,100,587.76","1,342,931.00","154.96","United States","New York Stock Exchange Inc.","USD"
"ELV","ELEVANCE HEALTH INC","Health Care","Equity","207,691,609.00","0.13","207,691,609.00","520,700.00","398.87","United States","New York Stock Exchange Inc.","USD"
"JCI","JOHNSON CONTROLS INTERNATIONAL PLC","Industrials","Equity","207,300,846.76","0.13","207,300,846.76","1,461,718.00","141.82","United States","New York Stock Exchange Inc.","USD"
"TMUS","T MOBILE US INC","Communication","Equity","202,633,900.04","0.13","202,633,900.04","1,115,764.00","181.61","United States","NASDAQ","USD"
"APP","APPLOVIN CLASS A","Communication","Equity","200,319,106.18","0.13","200,319,106.18","645,067.00","310.54","United States","NASDAQ","USD"
"REGN","REGENERON PHARMACEUTICALS","Health Care","Equity","199,743,482.12","0.13","199,743,482.12","239,627.00","833.56","United States","NASDAQ","USD"
"AMT","AMERICAN TOWER REIT","Real Estate","Equity","199,472,868.49","0.13","199,472,868.49","1,117,057.00","178.57","United States","New York Stock Exchange Inc.","USD"
"WM","WASTE MANAGEMENT INC","Industrials","Equity","196,772,083.46","0.12","196,772,083.46","885,842.00","222.13","United States","New York Stock Exchange Inc.","USD"
"MDLZ","MONDELEZ INTERNATIONAL INC CLASS A","Consumer Staples","Equity","193,868,795.29","0.12","193,868,795.29","3,077,771.00","62.99","United States","NASDAQ","USD"
"MSI","MOTOROLA SOLUTIONS INC","Information Technology","Equity","193,059,018.60","0.12","193,059,018.60","397,740.00","485.39","United States","New York Stock Exchange Inc.","USD"
"SHW","SHERWIN WILLIAMS","Materials","Equity","192,755,209.90","0.12","192,755,209.90","550,022.00","350.45","United States","New York Stock Exchange Inc.","USD"
"ABNB","AIRBNB CLASS A","Consumer Discretionary","Equity","190,912,051.50","0.12","190,912,051.50","1,002,163.00","190.50","United States","NASDAQ","USD"
"SLB","SLB","Energy","Equity","190,647,053.31","0.12","190,647,053.31","3,577,539.00","53.29","United States","New York Stock Exchange Inc.","USD"
"CMI","CUMMINS INC","Industrials","Equity","189,455,270.76","0.12","189,455,270.76","330,828.00","572.67","United States","New York Stock Exchange Inc.","USD"
"NSC","NORFOLK SOUTHERN CORP","Industrials","Equity","189,016,996.08","0.12","189,016,996.08","538,142.00","351.24","United States","New York Stock Exchange Inc.","USD"
"TRV","TRAVELERS COMPANIES","Financials","Equity","188,453,776.98","0.12","188,453,776.98","509,803.00","369.66","United States","New York Stock Exchange Inc.","USD"
"UPS","UNITED PARCEL SERVICE INC CLASS B","Industrials","Equity","188,107,866.52","0.12","188,107,866.52","1,789,118.00","105.14","United States","New York Stock Exchange Inc.","USD"
"MAR","MARRIOTT INTERNATIONAL CLASS A","Consumer Discretionary","Equity","187,733,725.41","0.12","187,733,725.41","524,733.00","357.77","United States","NASDAQ","USD"
"SNPS","SYNOPSYS","Information Technology","Equity","187,650,144.02","0.12","187,650,144.02","459,038.00","408.79","United States","NASDAQ","USD"
"EOG","EOG RESOURCES","Energy","Equity","187,522,613.03","0.12","187,522,613.03","1,277,141.00","146.83","United States","New York Stock Exchange Inc.","USD"
"ROST","ROSS STORES INC","Consumer Discretionary","Equity","186,278,996.27","0.12","186,278,996.27","772,333.00","241.19","United States","NASDAQ","USD"
"GM","GENERAL MOTORS","Consumer Discretionary","Equity","185,348,570.28","0.12","185,348,570.28","2,159,988.00","85.81","United States","New York Stock Exchange Inc.","USD"
"MCO","MOODYS CORP","Financials","Equity","184,865,323.24","0.12","184,865,323.24","360,284.00","513.11","United States","New York Stock Exchange Inc.","USD"
"AON","AON PLC CLASS A","Financials","Equity","181,672,605.17","0.11","181,672,605.17","511,999.00","354.83","United States","New York Stock Exchange Inc.","USD"
"HLT","HILTON WORLDWIDE HOLDINGS INC","Consumer Discretionary","Equity","179,724,225.60","0.11","179,724,225.60","545,760.00","329.31","United States","New York Stock Exchange Inc.","USD"
"ORLY","OREILLY AUTOMOTIVE INC","Consumer Discretionary","Equity","179,478,304.16","0.11","179,478,304.16","1,987,138.00","90.32","United States","NASDAQ","USD"
"KKR","KKR AND CO INC","Financials","Equity","177,732,057.36","0.11","177,732,057.36","1,652,092.00","107.58","United States","New York Stock Exchange Inc.","USD"
"TGT","TARGET CORP","Consumer Staples","Equity","177,711,506.40","0.11","177,711,506.40","1,087,120.00","163.47","United States","New York Stock Exchange Inc.","USD"
"BSX","BOSTON SCIENTIFIC CORP","Health Care","Equity","177,321,605.40","0.11","177,321,605.40","3,556,390.00","49.86","United States","New York Stock Exchange Inc.","USD"
"DDOG","DATADOG INC CLASS A","Information Technology","Equity","176,793,384.69","0.11","176,793,384.69","792,831.00","222.99","United States","NASDAQ","USD"
"CI","CIGNA","Health Care","Equity","176,602,304.56","0.11","176,602,304.56","632,258.00","279.32","United States","New York Stock Exchange Inc.","USD"
"ITW","ILLINOIS TOOL INC","Industrials","Equity","176,482,171.65","0.11","176,482,171.65","626,601.00","281.65","United States","New York Stock Exchange Inc.","USD"
"ECL","ECOLAB","Materials","Equity","175,845,749.12","0.11","175,845,749.12","607,328.00","289.54","United States","New York Stock Exchange Inc.","USD"
"FDX","FEDEX CORP","Industrials","Equity","175,628,903.32","0.11","175,628,903.32","526,292.00","333.71","United States","New York Stock Exchange Inc.","USD"
"CL","COLGATE-PALMOLIVE","Consumer Staples","Equity","175,238,158.88","0.11","175,238,158.88","1,918,736.00","91.33","United States","New York Stock Exchange Inc.","USD"
"RCL","ROYAL CARIBBEAN GROUP","Consumer Discretionary","Equity","174,780,651.30","0.11","174,780,651.30","597,970.00","292.29","United States","New York Stock Exchange Inc.","USD"
"NOC","NORTHROP GRUMMAN CORP","Industrials","Equity","173,619,963.00","0.11","173,619,963.00","320,025.00","542.52","United States","New York Stock Exchange Inc.","USD"
"WBD","WARNER BROS. DISCOVERY SERIES A","Communication","Equity","171,610,685.40","0.11","171,610,685.40","5,938,086.00","28.90","United States","NASDAQ","USD"
"SPG","SIMON PROPERTY GROUP REIT INC","Real Estate","Equity","170,283,339.15","0.11","170,283,339.15","777,585.00","218.99","United States","New York Stock Exchange Inc.","USD"
"HPE","HEWLETT PACKARD ENTERPRISE","Information Technology","Equity","169,653,670.08","0.11","169,653,670.08","3,174,657.00","53.44","United States","New York Stock Exchange Inc.","USD"
"CTAS","CINTAS","Industrials","Equity","167,085,388.56","0.11","167,085,388.56","816,006.00","204.76","United States","NASDAQ","USD"
"MNST","MONSTER BEVERAGE","Consumer Staples","Equity","166,894,938.43","0.11","166,894,938.43","3,424,891.00","48.73","United States","NASDAQ","USD"
"LITE","LUMENTUM HOLDINGS","Information Technology","Equity","165,242,886.74","0.10","165,242,886.74","186,596.00","885.57","United States","NASDAQ","USD"
"AJG","ARTHUR J GALLAGHER","Financials","Equity","164,933,073.03","0.10","164,933,073.03","614,253.00","268.51","United States","New York Stock Exchange Inc.","USD"
"HON","HONEYWELL INTERNATIONAL INC","Industrials","Equity","163,726,785.92","0.10","163,726,785.92","759,119.00","215.68","United States","NASDAQ","USD"
"PCAR","PACCAR INC","Industrials","Equity","162,679,322.26","0.10","162,679,322.26","1,258,933.00","129.22","United States","NASDAQ","USD"
"APD","AIR PRODUCTS AND CHEMICALS","Materials","Equity","162,339,154.90","0.10","162,339,154.90","534,274.00","303.85","United States","New York Stock Exchange Inc.","USD"
"DLR","DIGITAL REALTY TRUST REIT","Real Estate","Equity","160,265,256.32","0.10","160,265,256.32","833,326.00","192.32","United States","New York Stock Exchange Inc.","USD"
"TDG","TRANSDIGM GROUP","Industrials","Equity","160,018,297.60","0.10","160,018,297.60","134,176.00","1,192.60","United States","New York Stock Exchange Inc.","USD"
"HCA","HCA HEALTHCARE","Health Care","Equity","159,606,338.76","0.10","159,606,338.76","372,251.00","428.76","United States","New York Stock Exchange Inc.","USD"
"AEP","AMERICAN ELECTRIC POWER INC","Utilities","Equity","159,436,488.20","0.10","159,436,488.20","1,298,660.00","122.77","United States","NASDAQ","USD"
"ALL","ALLSTATE CORP","Financials","Equity","158,966,997.20","0.10","158,966,997.20","617,060.00","257.62","United States","New York Stock Exchange Inc.","USD"
"URI","UNITED RENTALS","Industrials","Equity","158,269,038.62","0.10","158,269,038.62","150,283.00","1,053.14","United States","New York Stock Exchange Inc.","USD"
"CRH","CRH PUBLIC LIMITED PLC","Materials","Equity","154,131,928.60","0.10","154,131,928.60","1,602,203.00","96.20","United States","New York Stock Exchange Inc.","USD"
"MPWR","MONOLITHIC POWER SYSTEMS INC","Information Technology","Equity","153,578,008.15","0.10","153,578,008.15","117,761.00","1,304.15","United States","NASDAQ","USD"
"COR","CENCORA","Health Care","Equity","153,237,810.18","0.10","153,237,810.18","467,103.00","328.06","United States","New York Stock Exchange Inc.","USD"
"TFC","TRUIST FINANCIAL","Financials","Equity","150,270,998.50","0.09","150,270,998.50","2,987,495.00","50.30","United States","New York Stock Exchange Inc.","USD"
"TRGP","TARGA RESOURCES","Energy","Equity","147,302,750.01","0.09","147,302,750.01","513,411.00","286.91","United States","New York Stock Exchange Inc.","USD"
"APO","APOLLO GLOBAL MANAGEMENT","Financials","Equity","147,284,161.54","0.09","147,284,161.54","1,105,903.00","133.18","United States","New York Stock Exchange Inc.","USD"
"BKR","BAKER HUGHES CLASS A","Energy","Equity","147,008,392.74","0.09","147,008,392.74","2,378,007.00","61.82","United States","NASDAQ","USD"
"KMI","KINDER MORGAN","Energy","Equity","145,462,151.38","0.09","145,462,151.38","4,701,427.00","30.94","United States","New York Stock Exchange Inc.","USD"
"D","DOMINION ENERGY","Utilities","Equity","141,144,125.76","0.09","141,144,125.76","2,108,832.00","66.93","United States","New York Stock Exchange Inc.","USD"
"TEL","TE CONNECTIVITY PLC","Information Technology","Equity","140,952,156.07","0.09","140,952,156.07","699,827.00","201.41","United States","New York Stock Exchange Inc.","USD"
"O","REALTY INCOME REIT","Real Estate","Equity","140,487,942.83","0.09","140,487,942.83","2,236,001.00","62.83","United States","New York Stock Exchange Inc.","USD"
"FAST","FASTENAL","Industrials","Equity","138,562,997.04","0.09","138,562,997.04","2,754,184.00","50.31","United States","NASDAQ","USD"
"OKE","ONEOK","Energy","Equity","138,171,267.50","0.09","138,171,267.50","1,506,775.00","91.70","United States","New York Stock Exchange Inc.","USD"
"TER","TERADYNE","Information Technology","Equity","137,867,088.92","0.09","137,867,088.92","376,244.00","366.43","United States","NASDAQ","USD"
"NXPI","NXP SEMICONDUCTORS NV","Information Technology","Equity","135,947,454.25","0.09","135,947,454.25","604,883.00","224.75","United States","NASDAQ","USD"
"GWW","WW GRAINGER INC","Industrials","Equity","135,566,066.96","0.09","135,566,066.96","104,147.00","1,301.68","United States","New York Stock Exchange Inc.","USD"
"NUE","NUCOR","Materials","Equity","135,157,596.55","0.09","135,157,596.55","545,981.00","247.55","United States","New York Stock Exchange Inc.","USD"
"COHR","COHERENT","Information Technology","Equity","135,161,863.76","0.09","135,161,863.76","469,084.00","288.14","United States","New York Stock Exchange Inc.","USD"
"MRNA","MODERNA INC","Health Care","Equity","134,599,371.69","0.08","134,599,371.69","847,443.00","158.83","United States","NASDAQ","USD"
"CAH","CARDINAL HEALTH","Health Care","Equity","133,487,157.28","0.08","133,487,157.28","561,059.00","237.92","United States","New York Stock Exchange Inc.","USD"
"CTVA","CORTEVA","Materials","Equity","133,085,465.70","0.08","133,085,465.70","1,602,474.00","83.05","United States","New York Stock Exchange Inc.","USD"
"AME","AMETEK INC","Industrials","Equity","132,882,352.71","0.08","132,882,352.71","549,623.00","241.77","United States","New York Stock Exchange Inc.","USD"
"PYPL","PAYPAL HOLDINGS","Financials","Equity","131,716,119.34","0.08","131,716,119.34","2,115,242.00","62.27","United States","NASDAQ","USD"
"SRE","SEMPRA","Utilities","Equity","131,545,435.74","0.08","131,545,435.74","1,565,458.00","84.03","United States","New York Stock Exchange Inc.","USD"
"FIX","COMFORT SYSTEMS USA","Industrials","Equity","131,437,372.04","0.08","131,437,372.04","84,149.00","1,561.96","United States","New York Stock Exchange Inc.","USD"
"KEYS","KEYSIGHT TECHNOLOGIES","Information Technology","Equity","131,424,625.76","0.08","131,424,625.76","410,548.00","320.12","United States","New York Stock Exchange Inc.","USD"
"CIEN","CIENA","Information Technology","Equity","131,261,288.34","0.08","131,261,288.34","338,599.00","387.66","United States","New York Stock Exchange Inc.","USD"
"DAL","DELTA AIR LINES","Industrials","Equity","130,941,728.68","0.08","130,941,728.68","1,565,914.00","83.62","United States","New York Stock Exchange Inc.","USD"
"F","FORD MOTOR CO","Consumer Discretionary","Equity","130,667,041.35","0.08","130,667,041.35","9,366,813.00","13.95","United States","New York Stock Exchange Inc.","USD"
"CVNA","CARVANA CLASS A","Consumer Discretionary","Equity","130,063,826.97","0.08","130,063,826.97","1,716,561.00","75.77","United States","New York Stock Exchange Inc.","USD"
"PSA","PUBLIC STORAGE REIT","Real Estate","Equity","129,669,779.55","0.08","129,669,779.55","401,865.00","322.67","United States","New York Stock Exchange Inc.","USD"
"DVN","DEVON ENERGY","Energy","Equity","129,406,254.37","0.08","129,406,254.37","2,758,607.00","46.91","United States","New York Stock Exchange Inc.","USD"
"STT","STATE STREET","Financials","Equity","128,036,024.45","0.08","128,036,024.45","663,571.00","192.95","United States","New York Stock Exchange Inc.","USD"
"AFL","AFLAC","Financials","Equity","127,610,601.66","0.08","127,610,601.66","1,098,387.00","116.18","United States","New York Stock Exchange Inc.","USD"
"ADSK","AUTODESK","Information Technology","Equity","126,829,397.54","0.08","126,829,397.54","504,874.00","251.21","United States","NASDAQ","USD"
"EW","EDWARDS LIFESCIENCES","Health Care","Equity","125,464,118.13","0.08","125,464,118.13","1,380,699.00","90.87","United States","New York Stock Exchange Inc.","USD"
"BDX","BECTON DICKINSON","Health Care","Equity","125,379,865.02","0.08","125,379,865.02","660,659.00","189.78","United States","New York Stock Exchange Inc.","USD"
"MET","METLIFE","Financials","Equity","124,247,520.00","0.08","124,247,520.00","1,296,000.00","95.87","United States","New York Stock Exchange Inc.","USD"
"HONA","HONEYWELL AEROSPACE INC","Industrials","Equity","121,732,322.84","0.08","121,732,322.84","759,119.00","160.36","United States","NASDAQ","USD"
"AMP","AMERIPRISE FINANCE INC","Financials","Equity","120,720,902.98","0.08","120,720,902.98","215,473.00","560.26","United States","New York Stock Exchange Inc.","USD"
"WAB","WESTINGHOUSE AIR BRAKE TECHNOLOGIE","Industrials","Equity","120,472,715.16","0.08","120,472,715.16","405,714.00","296.94","United States","New York Stock Exchange Inc.","USD"
"AZO","AUTOZONE","Consumer Discretionary","Equity","119,888,718.68","0.08","119,888,718.68","39,602.00","3,027.34","United States","New York Stock Exchange Inc.","USD"
"FITB","FIFTH THIRD BANCORP","Financials","Equity","118,766,865.25","0.07","118,766,865.25","2,163,725.00","54.89","United States","New York Stock Exchange Inc.","USD"
"AXON","AXON ENTERPRISE","Industrials","Equity","118,503,296.10","0.07","118,503,296.10","193,235.00","613.26","United States","NASDAQ","USD"
"VMRK","VIVMARK RESIDENTIAL","Real Estate","Equity","118,129,570.44","0.07","118,129,570.44","1,746,962.00","67.62","United States","New York Stock Exchange Inc.","USD"
"LHX","L3HARRIS TECHNOLOGIES","Industrials","Equity","116,890,854.03","0.07","116,890,854.03","445,859.00","262.17","United States","New York Stock Exchange Inc.","USD"
"ETR","ENTERGY CORP","Utilities","Equity","116,644,720.64","0.07","116,644,720.64","1,097,936.00","106.24","United States","New York Stock Exchange Inc.","USD"
"XEL","XCEL ENERGY INC","Utilities","Equity","115,549,956.45","0.07","115,549,956.45","1,496,955.00","77.19","United States","NASDAQ","USD"
"CMG","CHIPOTLE MEXICAN GRILL","Consumer Discretionary","Equity","115,136,177.20","0.07","115,136,177.20","3,076,040.00","37.43","United States","New York Stock Exchange Inc.","USD"
"ROK","ROCKWELL AUTOMATION INC","Industrials","Equity","114,534,720.80","0.07","114,534,720.80","266,732.00","429.40","United States","New York Stock Exchange Inc.","USD"
"GRMN","GARMIN","Consumer Discretionary","Equity","113,285,853.00","0.07","113,285,853.00","392,740.00","288.45","United States","New York Stock Exchange Inc.","USD"
"NKE","NIKE CLASS B","Consumer Discretionary","Equity","112,995,471.12","0.07","112,995,471.12","2,862,094.00","39.48","United States","New York Stock Exchange Inc.","USD"
"EBAY","EBAY","Consumer Discretionary","Equity","112,851,628.00","0.07","112,851,628.00","1,064,638.00","106.00","United States","NASDAQ","USD"
"HUM","HUMANA","Health Care","Equity","111,768,438.29","0.07","111,768,438.29","286,799.00","389.71","United States","New York Stock Exchange Inc.","USD"
"CARR","CARRIER GLOBAL","Industrials","Equity","109,557,808.36","0.07","109,557,808.36","1,872,143.00","58.52","United States","New York Stock Exchange Inc.","USD"
"VTR","VENTAS REIT","Real Estate","Equity","109,383,729.95","0.07","109,383,729.95","1,165,765.00","93.83","United States","New York Stock Exchange Inc.","USD"
"EXC","EXELON CORP","Utilities","Equity","108,656,538.90","0.07","108,656,538.90","2,452,190.00","44.31","United States","NASDAQ","USD"
"FERG","FERGUSON ENTERPRISES INC","Industrials","Equity","108,094,293.94","0.07","108,094,293.94","464,582.00","232.67","United States","New York Stock Exchange Inc.","USD"
"XYZ","BLOCK CLASS A","Financials","Equity","106,167,811.20","0.07","106,167,811.20","1,283,460.00","82.72","United States","New York Stock Exchange Inc.","USD"
"RSG","REPUBLIC SERVICES INC","Industrials","Equity","105,939,713.92","0.07","105,939,713.92","479,452.00","220.96","United States","New York Stock Exchange Inc.","USD"
"CBRE","CBRE GROUP CLASS A","Real Estate","Equity","105,829,545.60","0.07","105,829,545.60","697,440.00","151.74","United States","New York Stock Exchange Inc.","USD"
"VST","VISTRA","Utilities","Equity","105,572,569.53","0.07","105,572,569.53","759,351.00","139.03","United States","New York Stock Exchange Inc.","USD"
"NDAQ","NASDAQ INC","Financials","Equity","105,539,704.29","0.07","105,539,704.29","1,068,973.00","98.73","United States","NASDAQ","USD"
"IBKR","INTERACTIVE BROKERS GROUP INC CLAS","Financials","Equity","104,886,263.43","0.07","104,886,263.43","1,068,197.00","98.19","United States","NASDAQ","USD"
"A","AGILENT TECHNOLOGIES INC","Health Care","Equity","104,561,219.07","0.07","104,561,219.07","675,591.00","154.77","United States","New York Stock Exchange Inc.","USD"
"IDXX","IDEXX LABORATORIES INC","Health Care","Equity","104,034,391.50","0.07","104,034,391.50","189,150.00","550.01","United States","NASDAQ","USD"
"IQV","IQVIA HOLDINGS","Health Care","Equity","103,813,917.34","0.07","103,813,917.34","400,177.00","259.42","United States","New York Stock Exchange Inc.","USD"
"KDP","KEURIG DR PEPPER INC","Consumer Staples","Equity","103,820,114.88","0.07","103,820,114.88","3,260,682.00","31.84","United States","NASDAQ","USD"
"YUM","YUM BRANDS","Consumer Discretionary","Equity","103,271,185.77","0.07","103,271,185.77","660,851.00","156.27","United States","New York Stock Exchange Inc.","USD"
"OXY","OCCIDENTAL PETROLEUM CORP","Energy","Equity","101,040,071.22","0.06","101,040,071.22","1,729,842.00","58.41","United States","New York Stock Exchange Inc.","USD"
"COIN","COINBASE GLOBAL INC CLASS A","Financials","Equity","100,227,548.88","0.06","100,227,548.88","535,518.00","187.16","United States","NASDAQ","USD"
"ROP","ROPER TECHNOLOGIES","Information Technology","Equity","100,033,059.78","0.06","100,033,059.78","241,994.00","413.37","United States","NASDAQ","USD"
"PRU","PRUDENTIAL FINANCIAL INC","Financials","Equity","99,519,283.80","0.06","99,519,283.80","828,292.00","120.15","United States","New York Stock Exchange Inc.","USD"
"MSCI","MSCI INC","Financials","Equity","98,437,122.63","0.06","98,437,122.63","174,537.00","563.99","United States","New York Stock Exchange Inc.","USD"
"WAT","WATERS CORP","Health Care","Equity","97,296,835.48","0.06","97,296,835.48","234,767.00","414.44","United States","New York Stock Exchange Inc.","USD"
"AIG","AMERICAN INTERNATIONAL GROUP","Financials","Equity","97,110,295.80","0.06","97,110,295.80","1,271,410.00","76.38","United States","New York Stock Exchange Inc.","USD"
"TTWO","TAKE TWO INTERACTIVE SOFTWARE","Communication","Equity","96,887,233.50","0.06","96,887,233.50","415,950.00","232.93","United States","NASDAQ","USD"
"PCG","PG&E CORP","Utilities","Equity","96,778,571.04","0.06","96,778,571.04","5,271,164.00","18.36","United States","New York Stock Exchange Inc.","USD"
"PAYX","PAYCHEX","Industrials","Equity","96,576,023.30","0.06","96,576,023.30","772,670.00","124.99","United States","NASDAQ","USD"
"FLEX","FLEX LTD","Information Technology","Equity","96,320,808.75","0.06","96,320,808.75","881,655.00","109.25","United States","NASDAQ","USD"
"SYY","SYSCO","Consumer Staples","Equity","95,632,056.78","0.06","95,632,056.78","1,145,843.00","83.46","United States","New York Stock Exchange Inc.","USD"
"MCHP","MICROCHIP TECHNOLOGY INC","Information Technology","Equity","95,565,876.00","0.06","95,565,876.00","1,300,216.00","73.50","United States","NASDAQ","USD"
"DHI","D R HORTON","Consumer Discretionary","Equity","95,347,522.40","0.06","95,347,522.40","632,278.00","150.80","United States","New York Stock Exchange Inc.","USD"
"WDAY","WORKDAY CLASS A","Information Technology","Equity","94,959,199.66","0.06","94,959,199.66","488,423.00","194.42","United States","NASDAQ","USD"
"ED","CONSOLIDATED EDISON","Utilities","Equity","94,633,933.74","0.06","94,633,933.74","883,686.00","107.09","United States","New York Stock Exchange Inc.","USD"
"FANG","DIAMONDBACK ENERGY","Energy","Equity","93,148,740.00","0.06","93,148,740.00","466,000.00","199.89","United States","NASDAQ","USD"
"EXPE","EXPEDIA GROUP","Consumer Discretionary","Equity","92,799,464.63","0.06","92,799,464.63","274,579.00","337.97","United States","NASDAQ","USD"
"UAL","UNITED AIRLINES HOLDINGS","Industrials","Equity","91,199,039.37","0.06","91,199,039.37","776,757.00","117.41","United States","NASDAQ","USD"
"HIG","HARTFORD INSURANCE GROUP","Financials","Equity","90,853,388.20","0.06","90,853,388.20","657,310.00","138.22","United States","New York Stock Exchange Inc.","USD"
"ADM","ARCHER DANIELS MIDLAND","Consumer Staples","Equity","90,807,998.20","0.06","90,807,998.20","1,147,145.00","79.16","United States","New York Stock Exchange Inc.","USD"
"VEEV","VEEVA SYSTEMS CLASS A","Health Care","Equity","89,459,724.24","0.06","89,459,724.24","362,508.00","246.78","United States","New York Stock Exchange Inc.","USD"
"KVUE","KENVUE","Consumer Staples","Equity","88,795,370.48","0.06","88,795,370.48","4,593,656.00","19.33","United States","New York Stock Exchange Inc.","USD"
"NTAP","NETAPP INC","Information Technology","Equity","88,673,320.43","0.06","88,673,320.43","473,101.00","187.43","United States","NASDAQ","USD"
"KMB","KIMBERLY CLARK","Consumer Staples","Equity","88,599,955.08","0.06","88,599,955.08","798,054.00","111.02","United States","NASDAQ","USD"
"PEG","PUBLIC SERVICE ENTERPRISE GROUP","Utilities","Equity","87,501,742.72","0.06","87,501,742.72","1,194,074.00","73.28","United States","New York Stock Exchange Inc.","USD"
"ODFL","OLD DOMINION FREIGHT LINE","Industrials","Equity","87,025,443.46","0.05","87,025,443.46","438,769.00","198.34","United States","NASDAQ","USD"
"IRM","IRON MOUNTAIN INC","Real Estate","Equity","86,010,315.30","0.05","86,010,315.30","711,417.00","120.90","United States","New York Stock Exchange Inc.","USD"
"VMC","VULCAN MATERIALS","Materials","Equity","85,279,266.24","0.05","85,279,266.24","311,136.00","274.09","United States","New York Stock Exchange Inc.","USD"
"MTB","M&T BANK","Financials","Equity","84,405,306.49","0.05","84,405,306.49","351,089.00","240.41","United States","New York Stock Exchange Inc.","USD"
"ACGL","ARCH CAPITAL GROUP","Financials","Equity","83,902,939.92","0.05","83,902,939.92","834,357.00","100.56","United States","NASDAQ","USD"
"WEC","WEC ENERGY GROUP","Utilities","Equity","83,444,740.90","0.05","83,444,740.90","782,270.00","106.67","United States","New York Stock Exchange Inc.","USD"
"NTRS","NORTHERN TRUST","Financials","Equity","82,742,017.54","0.05","82,742,017.54","442,897.00","186.82","United States","NASDAQ","USD"
"RMD","RESMED","Health Care","Equity","82,497,750.05","0.05","82,497,750.05","348,695.00","236.59","United States","New York Stock Exchange Inc.","USD"
"DXCM","DEXCOM INC","Health Care","Equity","82,407,734.88","0.05","82,407,734.88","924,268.00","89.16","United States","NASDAQ","USD"
"HBAN","HUNTINGTON BANCSHARES INC","Financials","Equity","82,183,956.45","0.05","82,183,956.45","4,848,611.00","16.95","United States","NASDAQ","USD"
"GEHC","GE HEALTHCARE TECHNOLOGIES","Health Care","Equity","80,990,873.64","0.05","80,990,873.64","1,095,804.00","73.91","United States","NASDAQ","USD"
"EQT","EQT","Energy","Equity","80,857,062.00","0.05","80,857,062.00","1,497,353.00","54.00","United States","New York Stock Exchange Inc.","USD"
"CCL","CARNIVAL CORP LTD","Consumer Discretionary","Equity","80,697,055.40","0.05","80,697,055.40","3,087,110.00","26.14","United States","New York Stock Exchange Inc.","USD"
"CCI","CROWN CASTLE INC","Real Estate","Equity","79,608,996.45","0.05","79,608,996.45","1,043,505.00","76.29","United States","New York Stock Exchange Inc.","USD"
"KR","KROGER","Consumer Staples","Equity","79,503,397.75","0.05","79,503,397.75","1,360,195.00","58.45","United States","New York Stock Exchange Inc.","USD"
"WTW","WILLIS TOWERS WATSON","Financials","Equity","78,890,798.58","0.05","78,890,798.58","227,469.00","346.82","United States","NASDAQ","USD"
"EME","EMCOR GROUP INC","Industrials","Equity","78,709,590.21","0.05","78,709,590.21","106,383.00","739.87","United States","New York Stock Exchange Inc.","USD"
"JBL","JABIL","Information Technology","Equity","78,225,376.92","0.05","78,225,376.92","253,419.00","308.68","United States","New York Stock Exchange Inc.","USD"
"BIIB","BIOGEN","Health Care","Equity","78,094,075.95","0.05","78,094,075.95","353,735.00","220.77","United States","NASDAQ","USD"
"ZTS","ZOETIS INC CLASS A","Health Care","Equity","77,586,948.18","0.05","77,586,948.18","1,003,842.00","77.29","United States","New York Stock Exchange Inc.","USD"
"MLM","MARTIN MARIETTA MATERIALS","Materials","Equity","76,857,699.60","0.05","76,857,699.60","144,540.00","531.74","United States","New York Stock Exchange Inc.","USD"
"CBOE","CBOE GLOBAL MARKETS","Financials","Equity","76,776,666.66","0.05","76,776,666.66","248,613.00","308.82","United States","Cboe BZX","USD"
"STLD","STEEL DYNAMICS INC","Materials","Equity","75,121,566.12","0.05","75,121,566.12","325,089.00","231.08","United States","NASDAQ","USD"
"EXR","EXTRA SPACE STORAGE REIT","Real Estate","Equity","73,333,194.00","0.05","73,333,194.00","506,200.00","144.87","United States","New York Stock Exchange Inc.","USD"
"CASY","CASEYS GENERAL STORES INC","Consumer Staples","Equity","73,264,444.88","0.05","73,264,444.88","88,814.00","824.92","United States","NASDAQ","USD"
"CNC","CENTENE CORP","Health Care","Equity","72,766,070.00","0.05","72,766,070.00","1,119,478.00","65.00","United States","New York Stock Exchange Inc.","USD"
"RJF","RAYMOND JAMES","Financials","Equity","72,659,792.48","0.05","72,659,792.48","415,888.00","174.71","United States","New York Stock Exchange Inc.","USD"
"CTSH","COGNIZANT TECHNOLOGY SOLUTIONS CLA","Information Technology","Equity","72,387,204.60","0.05","72,387,204.60","1,147,910.00","63.06","United States","NASDAQ","USD"
"ARES","ARES MANAGEMENT CLASS A","Financials","Equity","72,197,443.76","0.05","72,197,443.76","505,726.00","142.76","United States","New York Stock Exchange Inc.","USD"
"CFG","CITIZENS FINANCIAL GROUP INC","Financials","Equity","71,273,735.25","0.04","71,273,735.25","1,020,675.00","69.83","United States","New York Stock Exchange Inc.","USD"
"AEE","AMEREN","Utilities","Equity","70,873,372.26","0.04","70,873,372.26","663,422.00","106.83","United States","New York Stock Exchange Inc.","USD"
"CPRT","COPART INC","Industrials","Equity","70,570,675.56","0.04","70,570,675.56","2,117,332.00","33.33","United States","NASDAQ","USD"
"LYV","LIVE NATION ENTERTAINMENT","Communication","Equity","70,252,788.42","0.04","70,252,788.42","376,146.00","186.77","United States","New York Stock Exchange Inc.","USD"
"TDY","TELEDYNE TECHNOLOGIES INC","Information Technology","Equity","69,593,422.80","0.04","69,593,422.80","111,012.00","626.90","United States","New York Stock Exchange Inc.","USD"
"VICI","VICI PPTYS INC","Real Estate","Equity","68,975,521.89","0.04","68,975,521.89","2,623,641.00","26.29","United States","New York Stock Exchange Inc.","USD"
"EIX","EDISON INTERNATIONAL","Utilities","Equity","68,946,860.88","0.04","68,946,860.88","921,996.00","74.78","United States","New York Stock Exchange Inc.","USD"
"ON","ON SEMICONDUCTOR CORP","Information Technology","Equity","68,132,571.30","0.04","68,132,571.30","939,630.00","72.51","United States","NASDAQ","USD"
"DTE","DTE ENERGY","Utilities","Equity","67,915,344.96","0.04","67,915,344.96","498,864.00","136.14","United States","New York Stock Exchange Inc.","USD"
"HAL","HALLIBURTON","Energy","Equity","67,712,723.00","0.04","67,712,723.00","2,003,335.00","33.80","United States","New York Stock Exchange Inc.","USD"
"MTD","METTLER TOLEDO","Health Care","Equity","67,676,791.75","0.04","67,676,791.75","48,263.00","1,402.25","United States","New York Stock Exchange Inc.","USD"
"IR","INGERSOLL RAND INC","Industrials","Equity","67,123,843.83","0.04","67,123,843.83","854,319.00","78.57","United States","New York Stock Exchange Inc.","USD"
"FISV","FISERV INC","Financials","Equity","66,910,818.00","0.04","66,910,818.00","1,275,950.00","52.44","United States","NASDAQ","USD"
"ATO","ATMOS ENERGY","Utilities","Equity","66,559,691.24","0.04","66,559,691.24","397,229.00","167.56","United States","New York Stock Exchange Inc.","USD"
"LH","LABCORP HOLDINGS","Health Care","Equity","66,283,544.88","0.04","66,283,544.88","196,291.00","337.68","United States","New York Stock Exchange Inc.","USD"
"WSM","WILLIAMS SONOMA INC","Consumer Discretionary","Equity","66,257,947.14","0.04","66,257,947.14","282,261.00","234.74","United States","New York Stock Exchange Inc.","USD"
"HSY","HERSHEY FOODS","Consumer Staples","Equity","66,164,760.76","0.04","66,164,760.76","353,482.00","187.18","United States","New York Stock Exchange Inc.","USD"
"OTIS","OTIS WORLDWIDE","Industrials","Equity","65,758,492.44","0.04","65,758,492.44","920,214.00","71.46","United States","New York Stock Exchange Inc.","USD"
"DOV","DOVER CORP","Industrials","Equity","65,459,559.66","0.04","65,459,559.66","323,961.00","202.06","United States","New York Stock Exchange Inc.","USD"
"SYF","SYNCHRONY FINANCIAL","Financials","Equity","65,135,916.49","0.04","65,135,916.49","806,437.00","80.77","United States","New York Stock Exchange Inc.","USD"
"HPQ","HP INC","Information Technology","Equity","65,075,777.28","0.04","65,075,777.28","2,204,464.00","29.52","United States","New York Stock Exchange Inc.","USD"
"DG","DOLLAR GENERAL CORP","Consumer Staples","Equity","64,906,477.74","0.04","64,906,477.74","529,503.00","122.58","United States","New York Stock Exchange Inc.","USD"
"CPAY","CORPAY","Financials","Equity","64,622,502.70","0.04","64,622,502.70","156,710.00","412.37","United States","New York Stock Exchange Inc.","USD"
"DGX","QUEST DIAGNOSTICS INC","Health Care","Equity","64,539,148.03","0.04","64,539,148.03","263,953.00","244.51","United States","New York Stock Exchange Inc.","USD"
"AWK","AMERICAN WATER WORKS","Utilities","Equity","64,495,872.00","0.04","64,495,872.00","468,720.00","137.60","United States","New York Stock Exchange Inc.","USD"
"XYL","XYLEM INC","Industrials","Equity","64,296,285.12","0.04","64,296,285.12","569,952.00","112.81","United States","New York Stock Exchange Inc.","USD"
"ES","EVERSOURCE ENERGY","Utilities","Equity","64,136,822.62","0.04","64,136,822.62","902,954.00","71.03","United States","New York Stock Exchange Inc.","USD"
"CINF","CINCINNATI FINANCIAL","Financials","Equity","63,842,293.44","0.04","63,842,293.44","372,432.00","171.42","United States","NASDAQ","USD"
"Q","QNITY ELECTRONICS","Information Technology","Equity","63,366,219.28","0.04","63,366,219.28","500,444.00","126.62","United States","New York Stock Exchange Inc.","USD"
"TPR","TAPESTRY","Consumer Discretionary","Equity","63,244,045.28","0.04","63,244,045.28","486,044.00","130.12","United States","New York Stock Exchange Inc.","USD"
"FICO","FAIR ISAAC","Information Technology","Equity","63,195,418.36","0.04","63,195,418.36","55,574.00","1,137.14","United States","New York Stock Exchange Inc.","USD"
"PPL","PPL CORP","Utilities","Equity","63,091,448.72","0.04","63,091,448.72","1,803,128.00","34.99","United States","New York Stock Exchange Inc.","USD"
"RF","REGIONS FINANCIAL","Financials","Equity","62,680,680.66","0.04","62,680,680.66","2,046,382.00","30.63","United States","New York Stock Exchange Inc.","USD"
"SW","SMURFIT WESTROCK PLC","Materials","Equity","61,929,660.68","0.04","61,929,660.68","1,252,876.00","49.43","United States","New York Stock Exchange Inc.","USD"
"EL","ESTEE LAUDER INC CLASS A","Consumer Staples","Equity","61,831,932.30","0.04","61,831,932.30","589,718.00","104.85","United States","New York Stock Exchange Inc.","USD"
"CNP","CENTERPOINT ENERGY","Utilities","Equity","60,915,094.62","0.04","60,915,094.62","1,564,734.00","38.93","United States","New York Stock Exchange Inc.","USD"
"DRI","DARDEN RESTAURANTS INC","Consumer Discretionary","Equity","60,814,645.56","0.04","60,814,645.56","275,916.00","220.41","United States","New York Stock Exchange Inc.","USD"
"PPG","PPG INDUSTRIES","Materials","Equity","60,744,561.20","0.04","60,744,561.20","534,488.00","113.65","United States","New York Stock Exchange Inc.","USD"
"OMC","OMNICOM GROUP INC","Communication","Equity","60,266,971.80","0.04","60,266,971.80","683,299.00","88.20","United States","New York Stock Exchange Inc.","USD"
"PHM","PULTEGROUP","Consumer Discretionary","Equity","59,597,831.52","0.04","59,597,831.52","455,432.00","130.86","United States","New York Stock Exchange Inc.","USD"
"EXPD","EXPEDITORS INTERNATIONAL OF WASHIN","Industrials","Equity","59,284,945.70","0.04","59,284,945.70","313,594.00","189.05","United States","New York Stock Exchange Inc.","USD"
"VRSK","VERISK ANALYTICS","Industrials","Equity","59,209,798.23","0.04","59,209,798.23","314,127.00","188.49","United States","NASDAQ","USD"
"HUBB","HUBBELL INC","Industrials","Equity","59,115,060.69","0.04","59,115,060.69","127,351.00","464.19","United States","New York Stock Exchange Inc.","USD"
"WST","WEST PHARMACEUTICAL SERVICES","Health Care","Equity","59,048,890.56","0.04","59,048,890.56","169,447.00","348.48","United States","New York Stock Exchange Inc.","USD"
"VLTO","VERALTO CORP","Industrials","Equity","58,422,751.31","0.04","58,422,751.31","591,503.00","98.77","United States","New York Stock Exchange Inc.","USD"
"DLTR","DOLLAR TREE INC","Consumer Staples","Equity","58,393,233.20","0.04","58,393,233.20","434,215.00","134.48","United States","NASDAQ","USD"
"FE","FIRSTENERGY CORP","Utilities","Equity","58,314,813.48","0.04","58,314,813.48","1,250,854.00","46.62","United States","New York Stock Exchange Inc.","USD"
"CHD","CHURCH AND DWIGHT INC","Consumer Staples","Equity","58,291,001.60","0.04","58,291,001.60","568,360.00","102.56","United States","New York Stock Exchange Inc.","USD"
"VRSN","VERISIGN","Information Technology","Equity","58,135,181.25","0.04","58,135,181.25","197,907.00","293.75","United States","NASDAQ","USD"
"TROW","T ROWE PRICE GROUP","Financials","Equity","57,974,208.19","0.04","57,974,208.19","513,637.00","112.87","United States","NASDAQ","USD"
"NRG","NRG ENERGY INC","Utilities","Equity","57,362,370.66","0.04","57,362,370.66","504,906.00","113.61","United States","New York Stock Exchange Inc.","USD"
"ULTA","ULTA BEAUTY INC","Consumer Discretionary","Equity","56,107,794.02","0.04","56,107,794.02","104,441.00","537.22","United States","NASDAQ","USD"
"STE","STERIS","Health Care","Equity","56,056,140.96","0.04","56,056,140.96","237,084.00","236.44","United States","New York Stock Exchange Inc.","USD"
"EFX","EQUIFAX","Industrials","Equity","54,585,029.40","0.03","54,585,029.40","284,460.00","191.89","United States","New York Stock Exchange Inc.","USD"
"EXE","EXPAND ENERGY","Energy","Equity","54,074,808.98","0.03","54,074,808.98","571,253.00","94.66","United States","NASDAQ","USD"
"IFF","INTERNATIONAL FLAVORS & FRAGRANCES","Materials","Equity","53,250,924.96","0.03","53,250,924.96","610,956.00","87.16","United States","New York Stock Exchange Inc.","USD"
"FSLR","FIRST SOLAR","Information Technology","Equity","53,004,450.06","0.03","53,004,450.06","256,283.00","206.82","United States","NASDAQ","USD"
"PKG","PACKAGING CORP OF AMERICA","Materials","Equity","52,431,908.34","0.03","52,431,908.34","212,671.00","246.54","United States","New York Stock Exchange Inc.","USD"
"GPN","GLOBAL PAYMENTS INC","Financials","Equity","52,279,318.60","0.03","52,279,318.60","557,230.00","93.82","United States","New York Stock Exchange Inc.","USD"
"PFG","PRINCIPAL FINANCIAL GROUP INC","Financials","Equity","52,189,973.46","0.03","52,189,973.46","467,694.00","111.59","United States","NASDAQ","USD"
"DOW","DOW","Materials","Equity","52,093,317.12","0.03","52,093,317.12","1,727,232.00","30.16","United States","New York Stock Exchange Inc.","USD"
"AMCR","AMCOR PLC","Materials","Equity","51,952,046.23","0.03","51,952,046.23","1,099,049.00","47.27","United States","New York Stock Exchange Inc.","USD"
"IP","INTERNATIONAL PAPER","Materials","Equity","51,964,826.56","0.03","51,964,826.56","1,267,744.00","40.99","United States","New York Stock Exchange Inc.","USD"
"TPL","TEXAS PACIFIC LAND","Energy","Equity","51,910,634.71","0.03","51,910,634.71","139,249.00","372.79","United States","New York Stock Exchange Inc.","USD"
"SMCI","SUPER MICRO COMPUTER INC","Information Technology","Equity","51,858,079.44","0.03","51,858,079.44","1,348,364.00","38.46","United States","NASDAQ","USD"
"FFIV","F5 INC","Information Technology","Equity","51,851,142.50","0.03","51,851,142.50","135,470.00","382.75","United States","NASDAQ","USD"
"KHC","KRAFT HEINZ","Consumer Staples","Equity","51,775,956.48","0.03","51,775,956.48","2,044,864.00","25.32","United States","NASDAQ","USD"
"BRO","BROWN & BROWN INC","Financials","Equity","51,532,351.00","0.03","51,532,351.00","702,650.00","73.34","United States","New York Stock Exchange Inc.","USD"
"INCY","INCYTE CORP","Health Care","Equity","51,364,320.36","0.03","51,364,320.36","395,963.00","129.72","United States","NASDAQ","USD"
"GIS","GENERAL MILLS INC","Consumer Staples","Equity","51,041,916.90","0.03","51,041,916.90","1,283,105.00","39.78","United States","New York Stock Exchange Inc.","USD"
"BR","BROADRIDGE FINANCIAL SOLUTIONS INC","Industrials","Equity","50,987,217.50","0.03","50,987,217.50","275,875.00","184.82","United States","New York Stock Exchange Inc.","USD"
"RDDT","REDDIT CLASS A","Communication","Equity","50,789,342.70","0.03","50,789,342.70","312,646.00","162.45","United States","New York Stock Exchange Inc.","USD"
"CMS","CMS ENERGY","Utilities","Equity","50,304,138.22","0.03","50,304,138.22","731,803.00","68.74","United States","New York Stock Exchange Inc.","USD"
"FIS","FIDELITY NATIONAL INFORMATION SERV","Financials","Equity","50,298,099.03","0.03","50,298,099.03","1,242,849.00","40.47","United States","New York Stock Exchange Inc.","USD"
"SNA","SNAP ON INC","Industrials","Equity","49,043,413.44","0.03","49,043,413.44","124,299.00","394.56","United States","New York Stock Exchange Inc.","USD"
"WRB","WR BERKLEY","Financials","Equity","48,282,371.84","0.03","48,282,371.84","705,058.00","68.48","United States","New York Stock Exchange Inc.","USD"
"KEY","KEYCORP","Financials","Equity","48,209,857.41","0.03","48,209,857.41","2,202,369.00","21.89","United States","New York Stock Exchange Inc.","USD"
"LUV","SOUTHWEST AIRLINES","Industrials","Equity","48,166,171.30","0.03","48,166,171.30","1,179,965.00","40.82","United States","New York Stock Exchange Inc.","USD"
"SBAC","SBA COMMUNICATIONS REIT CORP CLASS","Real Estate","Equity","47,886,252.60","0.03","47,886,252.60","255,230.00","187.62","United States","NASDAQ","USD"
"JBHT","JB HUNT TRANSPORT SERVICES","Industrials","Equity","47,230,678.28","0.03","47,230,678.28","180,146.00","262.18","United States","NASDAQ","USD"
"VTRS","VIATRIS","Health Care","Equity","46,780,319.52","0.03","46,780,319.52","2,797,866.00","16.72","United States","NASDAQ","USD"
"CF","CF INDUSTRIES HOLDINGS INC","Materials","Equity","46,724,272.56","0.03","46,724,272.56","367,156.00","127.26","United States","New York Stock Exchange Inc.","USD"
"NI","NISOURCE","Utilities","Equity","46,671,159.30","0.03","46,671,159.30","1,148,122.00","40.65","United States","New York Stock Exchange Inc.","USD"
"ZBH","ZIMMER BIOMET HOLDINGS","Health Care","Equity","46,503,140.32","0.03","46,503,140.32","463,918.00","100.24","United States","New York Stock Exchange Inc.","USD"
"GPC","GENUINE PARTS","Consumer Discretionary","Equity","46,053,779.80","0.03","46,053,779.80","333,844.00","137.95","United States","New York Stock Exchange Inc.","USD"
"LEN","LENNAR A CORP CLASS A","Consumer Discretionary","Equity","45,419,116.80","0.03","45,419,116.80","518,010.00","87.68","United States","New York Stock Exchange Inc.","USD"
"L","LOEWS","Financials","Equity","45,190,312.58","0.03","45,190,312.58","407,818.00","110.81","United States","New York Stock Exchange Inc.","USD"
"ESS","ESSEX PROPERTY TRUST REIT","Real Estate","Equity","45,010,048.00","0.03","45,010,048.00","154,144.00","292.00","United States","New York Stock Exchange Inc.","USD"
"EVRG","EVERGY","Utilities","Equity","44,970,314.13","0.03","44,970,314.13","552,393.00","81.41","United States","NASDAQ","USD"
"STZ","CONSTELLATION BRANDS CLASS A","Consumer Staples","Equity","44,906,216.14","0.03","44,906,216.14","332,614.00","135.01","United States","New York Stock Exchange Inc.","USD"
"DD","DUPONT DE NEMOURS","Industrials","Equity","44,547,114.24","0.03","44,547,114.24","327,456.00","136.04","United States","New York Stock Exchange Inc.","USD"
"TSCO","TRACTOR SUPPLY","Consumer Discretionary","Equity","44,286,490.44","0.03","44,286,490.44","1,251,738.00","35.38","United States","NASDAQ","USD"
"CDW","CDW","Information Technology","Equity","43,534,244.65","0.03","43,534,244.65","306,385.00","142.09","United States","NASDAQ","USD"
"FTV","FORTIVE","Industrials","Equity","43,491,584.50","0.03","43,491,584.50","730,951.00","59.50","United States","New York Stock Exchange Inc.","USD"
"NDSN","NORDSON","Industrials","Equity","42,694,570.62","0.03","42,694,570.62","127,989.00","333.58","United States","NASDAQ","USD"
"CHTR","CHARTER COMMUNICATIONS CLASS A","Communication","Equity","42,537,681.46","0.03","42,537,681.46","274,189.00","155.14","United States","NASDAQ","USD"
"J","JACOBS SOLUTIONS INC","Industrials","Equity","42,517,429.05","0.03","42,517,429.05","281,815.00","150.87","United States","New York Stock Exchange Inc.","USD"
"WY","WEYERHAEUSER REIT","Real Estate","Equity","42,438,037.04","0.03","42,438,037.04","1,737,128.00","24.43","United States","New York Stock Exchange Inc.","USD"
"LNT","ALLIANT ENERGY CORP","Utilities","Equity","41,915,177.22","0.03","41,915,177.22","613,333.00","68.34","United States","NASDAQ","USD"
"PTC","PTC","Information Technology","Equity","41,860,943.52","0.03","41,860,943.52","276,968.00","151.14","United States","NASDAQ","USD"
"ZBRA","ZEBRA TECHNOLOGIES CORP CLASS A","Information Technology","Equity","41,204,191.32","0.03","41,204,191.32","114,291.00","360.52","United States","NASDAQ","USD"
"BALL","BALL CORP","Materials","Equity","41,151,214.80","0.03","41,151,214.80","642,185.00","64.08","United States","New York Stock Exchange Inc.","USD"
"NVR","NVR","Consumer Discretionary","Equity","41,053,694.94","0.03","41,053,694.94","6,381.00","6,433.74","United States","New York Stock Exchange Inc.","USD"
"CHRW","CH ROBINSON WORLDWIDE","Industrials","Equity","40,882,044.50","0.03","40,882,044.50","284,575.00","143.66","United States","NASDAQ","USD"
"IEX","IDEX","Industrials","Equity","40,855,654.75","0.03","40,855,654.75","177,425.00","230.27","United States","New York Stock Exchange Inc.","USD"
"LDOS","LEIDOS HOLDINGS","Industrials","Equity","40,362,941.78","0.03","40,362,941.78","300,007.00","134.54","United States","New York Stock Exchange Inc.","USD"
"BBY","BEST BUY","Consumer Discretionary","Equity","39,634,689.45","0.03","39,634,689.45","464,705.00","85.29","United States","New York Stock Exchange Inc.","USD"
"INVH","INVITATION HOMES","Real Estate","Equity","39,590,053.95","0.02","39,590,053.95","1,310,495.00","30.21","United States","New York Stock Exchange Inc.","USD"
"KIM","KIMCO REALTY REIT CORP","Real Estate","Equity","39,171,292.02","0.02","39,171,292.02","1,628,067.00","24.06","United States","New York Stock Exchange Inc.","USD"
"TSN","TYSON FOODS INC CLASS A","Consumer Staples","Equity","38,933,398.87","0.02","38,933,398.87","681,011.00","57.17","United States","New York Stock Exchange Inc.","USD"
"LYB","LYONDELLBASELL INDUSTRIES CLASS A","Materials","Equity","38,791,508.40","0.02","38,791,508.40","620,168.00","62.55","United States","New York Stock Exchange Inc.","USD"
"GEN","GEN DIGITAL","Information Technology","Equity","38,647,638.42","0.02","38,647,638.42","1,318,582.00","29.31","United States","NASDAQ","USD"
"ALB","ALBEMARLE CORP","Materials","Equity","37,720,704.58","0.02","37,720,704.58","283,231.00","133.18","United States","New York Stock Exchange Inc.","USD"
"MAA","MID AMERICA APARTMENT COMMUNITIES","Real Estate","Equity","37,136,400.42","0.02","37,136,400.42","281,379.00","131.98","United States","New York Stock Exchange Inc.","USD"
"BG","BUNGE GLOBAL SA","Consumer Staples","Equity","36,308,319.33","0.02","36,308,319.33","325,023.00","111.71","United States","New York Stock Exchange Inc.","USD"
"AKAM","AKAMAI TECHNOLOGIES INC","Information Technology","Equity","36,298,427.20","0.02","36,298,427.20","343,280.00","105.74","United States","NASDAQ","USD"
"SWK","STANLEY BLACK & DECKER INC","Industrials","Equity","35,929,727.82","0.02","35,929,727.82","364,917.00","98.46","United States","New York Stock Exchange Inc.","USD"
"DOC","HEALTHPEAK PROPERTIES INC","Real Estate","Equity","35,807,922.12","0.02","35,807,922.12","1,653,182.00","21.66","United States","New York Stock Exchange Inc.","USD"
"MAS","MASCO","Industrials","Equity","35,636,295.68","0.02","35,636,295.68","488,704.00","72.92","United States","New York Stock Exchange Inc.","USD"
"EG","EVEREST GROUP","Financials","Equity","35,587,347.39","0.02","35,587,347.39","94,801.00","375.39","United States","New York Stock Exchange Inc.","USD"
"TYL","TYLER TECHNOLOGIES","Information Technology","Equity","35,403,668.16","0.02","35,403,668.16","101,136.00","350.06","United States","New York Stock Exchange Inc.","USD"
"HST","HOST HOTELS & RESORTS REIT","Real Estate","Equity","35,287,060.00","0.02","35,287,060.00","1,534,220.00","23.00","United States","NASDAQ","USD"
"APA","APA","Energy","Equity","35,169,250.10","0.02","35,169,250.10","850,526.00","41.35","United States","NASDAQ","USD"
"IVZ","INVESCO LTD","Financials","Equity","34,674,954.56","0.02","34,674,954.56","1,059,748.00","32.72","United States","New York Stock Exchange Inc.","USD"
"TXT","TEXTRON INC","Industrials","Equity","34,197,471.60","0.02","34,197,471.60","418,062.00","81.80","United States","New York Stock Exchange Inc.","USD"
"CRL","CHARLES RIVER LABORATORIES INTERNA","Health Care","Equity","33,956,259.40","0.02","33,956,259.40","114,085.00","297.64","United States","New York Stock Exchange Inc.","USD"
"COO","COOPER","Health Care","Equity","33,918,972.56","0.02","33,918,972.56","464,389.00","73.04","United States","NASDAQ","USD"
"FOXA","FOX CLASS A","Communication","Equity","33,894,066.57","0.02","33,894,066.57","481,929.00","70.33","United States","NASDAQ","USD"
"RVTY","REVVITY","Health Care","Equity","33,905,545.28","0.02","33,905,545.28","271,592.00","124.84","United States","New York Stock Exchange Inc.","USD"
"AIZ","ASSURANT INC","Financials","Equity","33,875,534.85","0.02","33,875,534.85","118,799.00","285.15","United States","New York Stock Exchange Inc.","USD"
"LVS","LAS VEGAS SANDS","Consumer Discretionary","Equity","33,776,920.31","0.02","33,776,920.31","714,553.00","47.27","United States","New York Stock Exchange Inc.","USD"
"RL","RALPH LAUREN CLASS A","Consumer Discretionary","Equity","33,544,126.00","0.02","33,544,126.00","92,510.00","362.60","United States","New York Stock Exchange Inc.","USD"
"FDXF","FEDEX FREIGHT HOLDING COMPANY INC","Industrials","Equity","33,473,841.25","0.02","33,473,841.25","259,991.00","128.75","United States","New York Stock Exchange Inc.","USD"
"TRMB","TRIMBLE INC","Information Technology","Equity","33,215,664.72","0.02","33,215,664.72","558,904.00","59.43","United States","NASDAQ","USD"
"ALLE","ALLEGION PLC","Industrials","Equity","33,044,238.50","0.02","33,044,238.50","206,050.00","160.37","United States","New York Stock Exchange Inc.","USD"
"MKC","MCCORMICK & CO NON-VOTING","Consumer Staples","Equity","32,934,467.52","0.02","32,934,467.52","604,524.00","54.48","United States","New York Stock Exchange Inc.","USD"
"AVY","AVERY DENNISON CORP","Materials","Equity","32,816,221.85","0.02","32,816,221.85","182,363.00","179.95","United States","New York Stock Exchange Inc.","USD"
"BAX","BAXTER INTERNATIONAL","Health Care","Equity","32,450,798.60","0.02","32,450,798.60","1,234,340.00","26.29","United States","New York Stock Exchange Inc.","USD"
"SOLV","SOLVENTUM","Health Care","Equity","32,432,321.86","0.02","32,432,321.86","354,026.00","91.61","United States","New York Stock Exchange Inc.","USD"
"CSGP","COSTAR GROUP","Real Estate","Equity","32,128,569.11","0.02","32,128,569.11","979,231.00","32.81","United States","NASDAQ","USD"
"GL","GLOBE LIFE","Financials","Equity","32,075,910.72","0.02","32,075,910.72","186,228.00","172.24","United States","New York Stock Exchange Inc.","USD"
"SJM","JM SMUCKER","Consumer Staples","Equity","31,977,581.35","0.02","31,977,581.35","254,903.00","125.45","United States","New York Stock Exchange Inc.","USD"
"GDDY","GODADDY CLASS A","Information Technology","Equity","31,457,600.02","0.02","31,457,600.02","315,238.00","99.79","United States","New York Stock Exchange Inc.","USD"
"IT","GARTNER","Information Technology","Equity","31,420,966.57","0.02","31,420,966.57","160,483.00","195.79","United States","New York Stock Exchange Inc.","USD"
"HAS","HASBRO","Consumer Discretionary","Equity","31,001,590.62","0.02","31,001,590.62","320,463.00","96.74","United States","NASDAQ","USD"
"CLX","CLOROX","Consumer Staples","Equity","30,376,815.28","0.02","30,376,815.28","289,496.00","104.93","United States","New York Stock Exchange Inc.","USD"
"REG","REGENCY CENTERS REIT CORP","Real Estate","Equity","30,264,889.20","0.02","30,264,889.20","394,485.00","76.72","United States","NASDAQ","USD"
"DECK","DECKERS OUTDOOR","Consumer Discretionary","Equity","30,257,944.02","0.02","30,257,944.02","340,973.00","88.74","United States","New York Stock Exchange Inc.","USD"
"JKHY","JACK HENRY AND ASSOCIATES INC","Financials","Equity","30,079,665.00","0.02","30,079,665.00","173,250.00","173.62","United States","NASDAQ","USD"
"LULU","LULULEMON ATHLETICA","Consumer Discretionary","Equity","29,700,120.02","0.02","29,700,120.02","250,994.00","118.33","United States","NASDAQ","USD"
"LII","LENNOX INTERNATIONAL INC","Industrials","Equity","29,593,070.78","0.02","29,593,070.78","76,063.00","389.06","United States","New York Stock Exchange Inc.","USD"
"TKO","TKO GROUP HOLDINGS INC CLASS A","Communication","Equity","29,215,934.37","0.02","29,215,934.37","151,057.00","193.41","United States","New York Stock Exchange Inc.","USD"
"GNRC","GENERAC HOLDINGS","Industrials","Equity","28,319,621.22","0.02","28,319,621.22","140,349.00","201.78","United States","New York Stock Exchange Inc.","USD"
"PNW","PINNACLE WEST","Utilities","Equity","28,156,112.26","0.02","28,156,112.26","288,278.00","97.67","United States","New York Stock Exchange Inc.","USD"
"ECHO","ECHOSTAR CLASS A","Communication","Equity","27,982,471.44","0.02","27,982,471.44","323,422.00","86.52","United States","NASDAQ","USD"
"UDR","UDR REIT","Real Estate","Equity","27,472,781.16","0.02","27,472,781.16","719,748.00","38.17","United States","New York Stock Exchange Inc.","USD"
"TECH","BIO TECHNE","Health Care","Equity","27,483,302.43","0.02","27,483,302.43","379,971.00","72.33","United States","NASDAQ","USD"
"NWSA","NEWS CLASS A","Communication","Equity","27,359,531.08","0.02","27,359,531.08","884,849.00","30.92","United States","NASDAQ","USD"
"HII","HUNTINGTON INGALLS INDUSTRIES","Industrials","Equity","27,214,955.10","0.02","27,214,955.10","93,474.00","291.15","United States","New York Stock Exchange Inc.","USD"
"CPT","CAMDEN PROPERTY TRUST REIT","Real Estate","Equity","26,101,110.56","0.02","26,101,110.56","241,052.00","108.28","United States","New York Stock Exchange Inc.","USD"
"FDS","FACTSET RESEARCH SYSTEMS","Financials","Equity","25,861,699.76","0.02","25,861,699.76","87,347.00","296.08","United States","New York Stock Exchange Inc.","USD"
"ROL","ROLLINS INC","Industrials","Equity","25,596,058.32","0.02","25,596,058.32","703,962.00","36.36","United States","New York Stock Exchange Inc.","USD"
"ALGN","ALIGN TECHNOLOGY","Health Care","Equity","25,574,469.91","0.02","25,574,469.91","160,231.00","159.61","United States","NASDAQ","USD"
"BEN","FRANKLIN TEMPLETON","Financials","Equity","25,405,122.17","0.02","25,405,122.17","725,239.00","35.03","United States","New York Stock Exchange Inc.","USD"
"DPZ","DOMINOS PIZZA","Consumer Discretionary","Equity","25,263,502.00","0.02","25,263,502.00","72,200.00","349.91","United States","NASDAQ","USD"
"AES","AES","Utilities","Equity","25,181,627.31","0.02","25,181,627.31","1,709,547.00","14.73","United States","New York Stock Exchange Inc.","USD"
"BXP","BXP","Real Estate","Equity","24,963,688.09","0.02","24,963,688.09","346,093.00","72.13","United States","New York Stock Exchange Inc.","USD"
"PNR","PENTAIR","Industrials","Equity","24,509,179.08","0.02","24,509,179.08","392,398.00","62.46","United States","New York Stock Exchange Inc.","USD"
"PODD","INSULET","Health Care","Equity","24,144,551.20","0.02","24,144,551.20","168,784.00","143.05","United States","NASDAQ","USD"
"APTV","APTIV PLC","Consumer Discretionary","Equity","23,787,874.83","0.02","23,787,874.83","510,141.00","46.63","United States","New York Stock Exchange Inc.","USD"
"SWKS","SKYWORKS SOLUTIONS","Information Technology","Equity","23,788,721.70","0.02","23,788,721.70","362,081.00","65.70","United States","NASDAQ","USD"
"UHS","UNIVERSAL HEALTH SERVICES INC CLAS","Health Care","Equity","22,249,809.92","0.01","22,249,809.92","126,592.00","175.76","United States","New York Stock Exchange Inc.","USD"
"FRT","FEDERAL REALTY INVESTMENT TRUST RE","Real Estate","Equity","21,816,955.50","0.01","21,816,955.50","185,282.00","117.75","United States","New York Stock Exchange Inc.","USD"
"FOX","FOX CLASS B","Communication","Equity","21,319,050.99","0.01","21,319,050.99","340,071.00","62.69","United States","NASDAQ","USD"
"HSIC","HENRY SCHEIN","Health Care","Equity","20,544,911.20","0.01","20,544,911.20","229,168.00","89.65","United States","NASDAQ","USD"
"WYNN","WYNN RESORTS","Consumer Discretionary","Equity","20,007,192.50","0.01","20,007,192.50","202,625.00","98.74","United States","NASDAQ","USD"
"MGM","MGM RESORTS INTERNATIONAL","Consumer Discretionary","Equity","19,950,788.88","0.01","19,950,788.88","460,332.00","43.34","United States","New York Stock Exchange Inc.","USD"
"MLIFT","CASH COLLATERAL USD MLIFT","Cash and/or Derivatives","Cash Collateral and Margins","19,810,000.00","0.01","19,810,000.00","19,810,000.00","100.00","United States","-","USD"
"ARE","ALEXANDRIA REAL ESTATE EQUITIES RE","Real Estate","Equity","19,658,063.20","0.01","19,658,063.20","371,608.00","52.90","United States","New York Stock Exchange Inc.","USD"
"NCLH","NORWEGIAN CRUISE LINE HOLDINGS","Consumer Discretionary","Equity","18,907,725.90","0.01","18,907,725.90","1,095,465.00","17.26","United States","New York Stock Exchange Inc.","USD"
"MOS","MOSAIC","Materials","Equity","18,521,844.66","0.01","18,521,844.66","763,158.00","24.27","United States","New York Stock Exchange Inc.","USD"
"BLDR","BUILDERS FIRSTSOURCE INC","Industrials","Equity","17,778,077.76","0.01","17,778,077.76","256,316.00","69.36","United States","New York Stock Exchange Inc.","USD"
"AOS","A O SMITH","Industrials","Equity","17,038,111.75","0.01","17,038,111.75","274,145.00","62.15","United States","New York Stock Exchange Inc.","USD"
"HRL","HORMEL FOODS CORP","Consumer Staples","Equity","16,657,366.84","0.01","16,657,366.84","700,478.00","23.78","United States","New York Stock Exchange Inc.","USD"
"TAP","MOLSON COORS BREWING CLASS B","Consumer Staples","Equity","16,159,188.51","0.01","16,159,188.51","384,651.00","42.01","United States","New York Stock Exchange Inc.","USD"
"ERIE","ERIE INDEMNITY CLASS A","Financials","Equity","15,462,289.28","0.01","15,462,289.28","59,936.00","257.98","United States","NASDAQ","USD"
"DVA","DAVITA INC","Health Care","Equity","13,608,989.80","0.01","13,608,989.80","76,541.00","177.80","United States","New York Stock Exchange Inc.","USD"
"TTD","TRADE DESK INC CLASS A","Communication","Equity","13,473,116.75","0.01","13,473,116.75","1,016,839.00","13.25","United States","NASDAQ","USD"
"BFB","BROWN FORMAN CLASS B","Consumer Staples","Equity","11,390,186.92","0.01","11,390,186.92","404,194.00","28.18","United States","New York Stock Exchange Inc.","USD"
"NWS","NEWS CLASS B","Communication","Equity","10,432,836.35","0.01","10,432,836.35","296,809.00","35.15","United States","NASDAQ","USD"
"PSKY","PARAMOUNT SKYDANCE CORP CLASS B","Communication","Equity","7,972,047.82","0.01","7,972,047.82","747,146.00","10.67","United States","NASDAQ","USD"
"GBP","GBP CASH","Cash and/or Derivatives","Cash","2,119,500.16","0.00","2,119,500.16","1,554,627.00","136.33","United Kingdom","-","GBP"
"MXN","MXN CASH","Cash and/or Derivatives","Cash","1,304,370.58","0.00","1,304,370.58","22,109,212.00","5.90","Mexico","-","MXN"
"EUR","EUR CASH","Cash and/or Derivatives","Cash","369,465.88","0.00","369,465.88","316,608.00","116.70","European Union","-","EUR"
"HOLX","HOLOGIC INC","Health Care","Equity","5,188.92","0.00","5,188.92","518,892.00","0.01","United States","NO MARKET (E.G. UNLISTED)","USD"
"ESU6","S&P500 EMINI SEP 26","Cash and/or Derivatives","Futures","0.00","0.00","299,988,000.00","780.00","7,692.00","-","Index And Options Market","USD"

